student_name	elective_courses
billmumy	ARTS516
billmumy	ARTS486
billmumy	ARTS401
billmumy	ARTS497
billmumy	ARTS512
billmumy	ARTS518
billmumy	ARTS569
chrisevert	ARTS486
chrisevert	ARTS514
ruthbaderginsburg	ARTS559
geraldineferraro	ARTS516
geraldineferraro	ARTS486
geraldineferraro	ARTS512
geraldineferraro	ARTS587
cchpounder	ARTS493
cchpounder	ARTS486
cchpounder	ARTS491
cchpounder	ARTS512
cchpounder	ARTS547
cchpounder	ARTS518
cchpounder	ARTS514
cchpounder	ARTS557
kittykelley	ARTS486
kittykelley	ARTS514
peterrobinson	ARTS520
peterrobinson	ARTS514
lauralippman	ARTS516
lauralippman	ARTS486
lauralippman	ARTS512
lauralippman	ARTS518
lauralippman	ARTS514
lauralippman	ARTS569
domdeluise	ARTS516
domdeluise	ARTS493
domdeluise	ARTS486
domdeluise	ARTS518
domdeluise	ARTS514
domdeluise	ARTS569
domdeluise	ARTS557
sallyfield	ARTS516
sallyfield	ARTS486
sallyfield	ARTS512
sallyfield	ARTS514
sallyfield	ARTS484
sallyfield	ARTS587
sallyfield	ARTS577
clintblack	ARTS486
clintblack	ARTS518
juliechristie1995	ARTS520
juliechristie1995	ARTS512
patboone	ARTS516
patboone	ARTS520
patboone	ARTS486
patboone	ARTS493
patboone	ARTS518
patboone	ARTS514
edmcmahon	ARTS516
edmcmahon	ARTS520
edmcmahon	ARTS486
edmcmahon	ARTS401
edmcmahon	ARTS497
edmcmahon	ARTS512
edmcmahon	ARTS518
edmcmahon	ARTS514
edmcmahon	ARTS493
edmcmahon	ARTS400
davidcohen	ARTS516
davidcohen	ARTS486
davidcohen	ARTS512
davidcohen	ARTS545
davidcohen	ARTS547
davidcohen	ARTS518
davidcohen	ARTS549
davidcohen	ARTS514
davidcohen	ARTS587
billblass	ARTS486
billblass	ARTS400
lucilleball	ARTS486
lucilleball	ARTS400
h.normanschwarzkopf	ARTS493
h.normanschwarzkopf	ARTS486
h.normanschwarzkopf	ARTS514
janburke	ARTS516
janburke	ARTS486
janburke	ARTS497
janburke	ARTS492
janburke	ARTS493
janburke	ARTS512
janburke	ARTS518
janburke	ARTS565
janburke	ARTS514
bryantgumbel	ARTS516
bryantgumbel	ARTS520
bryantgumbel	ARTS486
bryantgumbel	ARTS401
bryantgumbel	ARTS512
bryantgumbel	ARTS518
bryantgumbel	ARTS514
bryantgumbel	ARTS587
bryantgumbel	ARTS543
f.leebailey	ARTS516
f.leebailey	ARTS493
f.leebailey	ARTS486
f.leebailey	ARTS512
f.leebailey	ARTS518
f.leebailey	ARTS551
f.leebailey	ARTS514
f.leebailey	ARTS569
stevenspielberg	ARTS516
stevenspielberg	ARTS486
stevenspielberg	ARTS512
stevenspielberg	ARTS518
stevenspielberg	ARTS514
stevenspielberg	ARTS581
garyremal	ARTS516
garyremal	ARTS486
garyremal	ARTS493
garyremal	ARTS514
garyremal	ARTS400
garyremal	ARTS587
genetierney(lee)	ARTS486
kofia.annan	ARTS516
kofia.annan	ARTS486
kofia.annan	ARTS512
kofia.annan	ARTS518
kofia.annan	ARTS514
kofia.annan	ARTS587
kofia.annan	ARTS581
matthewmodine	ARTS516
matthewmodine	ARTS486
matthewmodine	ARTS512
matthewmodine	ARTS518
matthewmodine	ARTS514
matthewmodine	ARTS587
matthewmodine	ARTS581
whoopigoldberg	ARTS516
whoopigoldberg	ARTS486
whoopigoldberg	ARTS512
whoopigoldberg	ARTS547
whoopigoldberg	ARTS518
whoopigoldberg	ARTS514
whoopigoldberg	ARTS569
whoopigoldberg	ARTS400
johntesh	ARTS516
johntesh	ARTS486
johntesh	ARTS512
johntesh	ARTS518
johntesh	ARTS551
johntesh	ARTS514
johntesh	ARTS569
johntesh	ARTS573
johnpaulstevens	ARTS516
johnpaulstevens	ARTS520
johnpaulstevens	ARTS493
johnpaulstevens	ARTS486
johnpaulstevens	ARTS512
johnpaulstevens	ARTS518
johnpaulstevens	ARTS549
johnpaulstevens	ARTS514
johnpaulstevens	ARTS400
johnpaulstevens	ARTS557
lauriemetcalf	ARTS520
lauriemetcalf	ARTS493
lauriemetcalf	ARTS512
lauriemetcalf	ARTS518
lauriemetcalf	ARTS555
lauriemetcalf	ARTS587
ellenburstyn	ARTS516
ellenburstyn	ARTS520
ellenburstyn	ARTS493
ellenburstyn	ARTS486
ellenburstyn	ARTS491
ellenburstyn	ARTS492
ellenburstyn	ARTS494
ellenburstyn	ARTS512
ellenburstyn	ARTS547
ellenburstyn	ARTS518
ellenburstyn	ARTS549
ellenburstyn	ARTS514
ellenburstyn	ARTS400
joelgrey	ARTS486
jerrylewis	ARTS486
jerrylewis	ARTS491
jerrylewis	ARTS518
jerrylewis	ARTS569
willardscott	ARTS516
willardscott	ARTS465
willardscott	ARTS486
willardscott	ARTS512
willardscott	ARTS518
willardscott	ARTS514
willardscott	ARTS569
willardscott	ARTS400
glendajackson	ARTS516
glendajackson	ARTS520
glendajackson	ARTS486
glendajackson	ARTS512
glendajackson	ARTS518
glendajackson	ARTS514
glendajackson	ARTS569
glendajackson	ARTS400
maryhigginsclark	ARTS486
maryhigginsclark	ARTS514
tjessicatandy	ARTS516
tjessicatandy	ARTS486
tjessicatandy	ARTS493
tjessicatandy	ARTS512
tjessicatandy	ARTS518
tjessicatandy	ARTS549
tjessicatandy	ARTS551
tjessicatandy	ARTS553
tjessicatandy	ARTS514
tjessicatandy	ARTS400
seanfaircloth,	ARTS516
seanfaircloth,	ARTS488
seanfaircloth,	ARTS486
seanfaircloth,	ARTS491
seanfaircloth,	ARTS401
seanfaircloth,	ARTS512
seanfaircloth,	ARTS518
seanfaircloth,	ARTS565
seanfaircloth,	ARTS514
seanfaircloth,	ARTS520
seanfaircloth,	ARTS493
staterepresentative	ARTS486
staterepresentative	ARTS516
staterepresentative	ARTS520
staterepresentative	ARTS493
staterepresentative	ARTS401
staterepresentative	ARTS512
staterepresentative	ARTS547
staterepresentative	ARTS518
staterepresentative	ARTS514
staterepresentative	ARTS569
janetevanovich	ARTS516
janetevanovich	ARTS486
janetevanovich	ARTS465
janetevanovich	ARTS512
janetevanovich	ARTS518
janetevanovich	ARTS514
janetevanovich	ARTS569
janetevanovich	ARTS400
janetevanovich	ARTS567
howardkeel	ARTS486
howardkeel	ARTS491
howardkeel	ARTS401
howardkeel	ARTS553
howardkeel	ARTS514
howardkeel	ARTS400
kewingkauffman	ARTS516
kewingkauffman	ARTS520
kewingkauffman	ARTS486
kewingkauffman	ARTS512
kewingkauffman	ARTS514
kewingkauffman	ARTS587
jackiecollins	ARTS486
jackiecollins	ARTS512
jackiecollins	ARTS514
jackiecollins	ARTS569
jackiecollins	ARTS485
jackiecollins	ARTS587
mollyivins	ARTS516
mollyivins	ARTS520
mollyivins	ARTS486
mollyivins	ARTS493
mollyivins	ARTS512
mollyivins	ARTS514
margaretgeller	ARTS516
margaretgeller	ARTS493
margaretgeller	ARTS486
margaretgeller	ARTS549
margaretgeller	ARTS514
margaretgeller	ARTS400
michaelansara	ARTS516
michaelansara	ARTS486
michaelansara	ARTS512
michaelansara	ARTS514
michaelansara	ARTS400
billycollins	ARTS516
billycollins	ARTS520
billycollins	ARTS486
billycollins	ARTS512
billycollins	ARTS545
billycollins	ARTS518
billycollins	ARTS514
billycollins	ARTS557
billycollins	ARTS583
rhondaflemingmann	ARTS493
rhondaflemingmann	ARTS486
janerussell	ARTS486
janerussell	ARTS514
muhammadali	ARTS516
muhammadali	ARTS520
muhammadali	ARTS493
muhammadali	ARTS486
muhammadali	ARTS512
muhammadali	ARTS518
muhammadali	ARTS514
muhammadali	ARTS400
muhammadali	ARTS557
muhammadali	ARTS559
philipknight	ARTS516
philipknight	ARTS520
philipknight	ARTS486
philipknight	ARTS512
philipknight	ARTS514
philipknight	ARTS557
philipknight	ARTS583
victork.kiamii	ARTS516
victork.kiamii	ARTS486
victork.kiamii	ARTS512
victork.kiamii	ARTS514
edbradley	ARTS516
edbradley	ARTS488
edbradley	ARTS486
edbradley	ARTS512
edbradley	ARTS514
edbradley	ARTS569
edbradley	ARTS581
ppattipage	ARTS465
ppattipage	ARTS486
ppattipage	ARTS512
rebamcentire	ARTS520
rebamcentire	ARTS512
gov.mariocuomo	ARTS486
gov.mariocuomo	ARTS514
gov.mariocuomo	ARTS400
sharilewis	ARTS516
sharilewis	ARTS514
kenfollett2004	ARTS516
kenfollett2004	ARTS486
kenfollett2004	ARTS514
kenfollett2004	ARTS587
graydavis	ARTS486
graydavis	ARTS514
graydavis	ARTS400
annettefunicello	ARTS516
annettefunicello	ARTS520
annettefunicello	ARTS486
annettefunicello	ARTS491
annettefunicello	ARTS512
annettefunicello	ARTS518
annettefunicello	ARTS514
annettefunicello	ARTS400
annettefunicello	ARTS569
annettefunicello	ARTS581
annettefunicello	ARTS583
janepauley	ARTS486
franksinatrajr.	ARTS516
franksinatrajr.	ARTS520
franksinatrajr.	ARTS486
franksinatrajr.	ARTS493
franksinatrajr.	ARTS512
franksinatrajr.	ARTS518
franksinatrajr.	ARTS514
franksinatrajr.	ARTS400
franksinatrajr.	ARTS557
franksinatrajr.	ARTS587
carolynchute	ARTS514
carolynchute	ARTS400
lorettalynn	ARTS486
lorettalynn	ARTS400
joanlunden	ARTS516
joanlunden	ARTS486
joanlunden	ARTS401
joanlunden	ARTS512
joanlunden	ARTS514
joanlunden	ARTS587
johne.baldacci	ARTS518
johne.baldacci	ARTS495
nelsonmandela	ARTS516
nelsonmandela	ARTS486
nelsonmandela	ARTS512
nelsonmandela	ARTS518
nelsonmandela	ARTS514
nelsonmandela	ARTS400
fredrogers	ARTS516
fredrogers	ARTS486
fredrogers	ARTS401
fredrogers	ARTS512
fredrogers	ARTS587
gilliananderson	ARTS486
gilliananderson	ARTS514
dianeladd	ARTS516
dianeladd	ARTS486
dianeladd	ARTS512
dianeladd	ARTS514
dianeladd	ARTS555
dianeladd	ARTS587
barbarajordan	ARTS516
barbarajordan	ARTS486
barbarajordan	ARTS491
barbarajordan	ARTS518
barbarajordan	ARTS514
barbarajordan	ARTS569
barbarajordan	ARTS565
tinalouise	ARTS486
tinalouise	ARTS514
kelseygrammer	ARTS520
kelseygrammer	ARTS491
kelseygrammer	ARTS400
jeffbridges	ARTS512
jeffbridges	ARTS400
jeffbridges	ARTS587
elizabethdole	ARTS516
elizabethdole	ARTS493
elizabethdole	ARTS486
elizabethdole	ARTS494
elizabethdole	ARTS512
elizabethdole	ARTS518
elizabethdole	ARTS549
elizabethdole	ARTS514
hayleymills	ARTS516
hayleymills	ARTS486
hayleymills	ARTS491
hayleymills	ARTS492
hayleymills	ARTS512
hayleymills	ARTS518
hayleymills	ARTS549
hayleymills	ARTS551
hayleymills	ARTS514
hayleymills	ARTS557
frankkeating	ARTS486
frankkeating	ARTS512
frankkeating	ARTS514
frankkeating	ARTS400
nolanryan	ARTS516
nolanryan	ARTS486
nolanryan	ARTS493
nolanryan	ARTS401
nolanryan	ARTS512
nolanryan	ARTS518
nolanryan	ARTS514
nolanryan	ARTS581
debbiereynolds	ARTS516
debbiereynolds	ARTS520
debbiereynolds	ARTS493
debbiereynolds	ARTS486
debbiereynolds	ARTS491
debbiereynolds	ARTS401
debbiereynolds	ARTS512
debbiereynolds	ARTS518
debbiereynolds	ARTS549
debbiereynolds	ARTS514
debbiereynolds	ARTS400
georgegrizzard	ARTS400
lonianderson	ARTS516
lonianderson	ARTS465
lonianderson	ARTS569
lonianderson	ARTS520
gloriaestefan	ARTS486
gloriaestefan	ARTS514
gloriaestefan	ARTS400
gloriaestefan	ARTS581
buffysainte-marie	ARTS585
brianmulroney	ARTS516
brianmulroney	ARTS486
brianmulroney	ARTS465
brianmulroney	ARTS512
brianmulroney	ARTS518
brianmulroney	ARTS514
brianmulroney	ARTS400
brianmulroney	ARTS567
tabithaking	ARTS516
tabithaking	ARTS514
georgew.bush	ARTS516
georgew.bush	ARTS520
georgew.bush	ARTS486
georgew.bush	ARTS512
georgew.bush	ARTS557
leobuscaglia	ARTS516
leobuscaglia	ARTS520
leobuscaglia	ARTS514
tomposton	ARTS516
tomposton	ARTS486
tomposton	ARTS512
tomposton	ARTS518
tomposton	ARTS514
tomposton	ARTS484
brucejenner	ARTS545
rogermudd	ARTS516
rogermudd	ARTS486
rogermudd	ARTS491
rogermudd	ARTS465
rogermudd	ARTS492
rogermudd	ARTS512
rogermudd	ARTS518
rogermudd	ARTS514
rogermudd	ARTS520
rogermudd	ARTS559
ursulak.leguin	ARTS516
ursulak.leguin	ARTS465
ursulak.leguin	ARTS486
ursulak.leguin	ARTS512
ursulak.leguin	ARTS518
ursulak.leguin	ARTS514
ursulak.leguin	ARTS569
ursulak.leguin	ARTS520
ursulak.leguin	ARTS400
ileeiacocca	ARTS516
ileeiacocca	ARTS493
ileeiacocca	ARTS486
ileeiacocca	ARTS491
ileeiacocca	ARTS512
ileeiacocca	ARTS518
ileeiacocca	ARTS549
ileeiacocca	ARTS514
ileeiacocca	ARTS555
ileeiacocca	ARTS400
ileeiacocca	ARTS587
laurabush	ARTS486
karenkwiatkowski	ARTS516
karenkwiatkowski	ARTS486
karenkwiatkowski	ARTS493
karenkwiatkowski	ARTS518
karenkwiatkowski	ARTS514
karenkwiatkowski	ARTS520
karenkwiatkowski	ARTS555
dr.benjaminspock	ARTS486
dr.benjaminspock	ARTS491
dr.benjaminspock	ARTS492
dr.benjaminspock	ARTS512
dr.benjaminspock	ARTS518
dr.benjaminspock	ARTS520
dr.benjaminspock	ARTS559
dr.benjaminspock	ARTS587
jamescarville	ARTS486
williamcohen	ARTS486
williamcohen	ARTS547
williamcohen	ARTS514
williamcohen	ARTS400
carolynhart	ARTS516
carolynhart	ARTS520
carolynhart	ARTS514
carolynhart	ARTS400
rosalynncarter	ARTS516
christopherlee	ARTS520
christopherlee	ARTS486
christopherlee	ARTS512
christopherlee	ARTS514
phyllisdiller	ARTS514
heatherpringle	ARTS516
heatherpringle	ARTS486
heatherpringle	ARTS400
kevinspacey	ARTS520
kevinspacey	ARTS493
kevinspacey	ARTS486
kevinspacey	ARTS401
kevinspacey	ARTS512
kevinspacey	ARTS518
newtgingrich	ARTS493
newtgingrich	ARTS491
newtgingrich	ARTS516
newtgingrich	ARTS512
newtgingrich	ARTS518
newtgingrich	ARTS549
newtgingrich	ARTS555
raybradbury	ARTS516
raybradbury	ARTS486
raybradbury	ARTS493
raybradbury	ARTS512
raybradbury	ARTS518
raybradbury	ARTS514
raybradbury	ARTS555
raybradbury	ARTS484
raybradbury	ARTS587
raybradbury	ARTS577
chrishansen	ARTS486
chrishansen	ARTS512
chrishansen	ARTS514
elizabethmontgomery	ARTS516
elizabethmontgomery	ARTS520
elizabethmontgomery	ARTS493
elizabethmontgomery	ARTS486
elizabethmontgomery	ARTS512
elizabethmontgomery	ARTS514
robertludlum	ARTS516
robertludlum	ARTS486
robertludlum	ARTS512
robertludlum	ARTS545
robertludlum	ARTS518
robertludlum	ARTS514
robertludlum	ARTS400
robertludlum	ARTS557
robertludlum	ARTS567
gov.georgepataki	ARTS516
gov.georgepataki	ARTS486
gov.georgepataki	ARTS493
gov.georgepataki	ARTS492
gov.georgepataki	ARTS512
gov.georgepataki	ARTS518
gov.georgepataki	ARTS549
gov.georgepataki	ARTS514
gov.georgepataki	ARTS587
sark	ARTS516
sark	ARTS488
sark	ARTS486
sark	ARTS493
sark	ARTS512
sark	ARTS547
sark	ARTS518
sark	ARTS514
sark	ARTS400
sark	ARTS581
marylouretton	ARTS516
marylouretton	ARTS493
marylouretton	ARTS491
marylouretton	ARTS465
marylouretton	ARTS486
marylouretton	ARTS512
marylouretton	ARTS545
marylouretton	ARTS547
marylouretton	ARTS518
marylouretton	ARTS514
marylouretton	ARTS587
arthurmiller	ARTS486
arthurmiller	ARTS514
sharondavis	ARTS486
jeriryan	ARTS520
jeriryan	ARTS486
jeriryan	ARTS400
hughdowns	ARTS516
hughdowns	ARTS486
hughdowns	ARTS492
hughdowns	ARTS512
hughdowns	ARTS545
hughdowns	ARTS518
hughdowns	ARTS514
hughdowns	ARTS520
hughdowns	ARTS557
hughdowns	ARTS559
petermax	ARTS516
petermax	ARTS520
petermax	ARTS486
petermax	ARTS512
petermax	ARTS547
petermax	ARTS514
petermax	ARTS577
lucyarnaz	ARTS516
lucyarnaz	ARTS486
lucyarnaz	ARTS493
lucyarnaz	ARTS512
lucyarnaz	ARTS547
lucyarnaz	ARTS518
lucyarnaz	ARTS514
lucyarnaz	ARTS520
lucyarnaz	ARTS581
stephenking	ARTS516
stephenking	ARTS486
stephenking	ARTS512
stephenking	ARTS545
stephenking	ARTS518
stephenking	ARTS561
chrismadden	ARTS520
armandassante	ARTS516
armandassante	ARTS486
armandassante	ARTS491
armandassante	ARTS492
armandassante	ARTS545
armandassante	ARTS518
armandassante	ARTS514
armandassante	ARTS557
armandassante	ARTS559
armandassante	ARTS587
armandassante	ARTS512
taralapinski	ARTS516
taralapinski	ARTS486
taralapinski	ARTS569
sylviamiles	ARTS518
alimacgraw	ARTS400
franceslear	ARTS516
franceslear	ARTS486
franceslear	ARTS512
franceslear	ARTS547
franceslear	ARTS518
franceslear	ARTS514
franceslear	ARTS400
franceslear	ARTS484
franceslear	ARTS561
jennifergranholm	ARTS516
jennifergranholm	ARTS486
jennifergranholm	ARTS514
jennifergranholm	ARTS400
stevehamilton	ARTS493
stevehamilton	ARTS491
stevehamilton	ARTS518
johnkerry	ARTS486
johnkerry	ARTS401
johnkerry	ARTS514
deepakchopra	ARTS494
deepakchopra	ARTS518
deepakchopra	ARTS551
miltonberle	ARTS486
miltonberle	ARTS512
miltonberle	ARTS518
miltonberle	ARTS400
miltonberle	ARTS561
miltonberle	ARTS577
n-oralphnader	ARTS516
n-oralphnader	ARTS486
n-oralphnader	ARTS512
n-oralphnader	ARTS518
n-oralphnader	ARTS514
n-oralphnader	ARTS569
n-oralphnader	ARTS400
n-oralphnader	ARTS575
randolphmantooth	ARTS486
randolphmantooth	ARTS514
kimhunter	ARTS512
kimhunter	ARTS514
evamariesaint	ARTS516
evamariesaint	ARTS486
evamariesaint	ARTS491
evamariesaint	ARTS512
evamariesaint	ARTS547
evamariesaint	ARTS514
evamariesaint	ARTS400
janetleigh	ARTS516
janetleigh	ARTS520
janetleigh	ARTS493
janetleigh	ARTS486
janetleigh	ARTS512
janetleigh	ARTS518
janetleigh	ARTS549
janetleigh	ARTS514
janetleigh	ARTS587
normanlear	ARTS516
normanlear	ARTS486
georgemitchell	ARTS486
georgemitchell	ARTS583
nadinegordimer	ARTS516
nadinegordimer	ARTS400
mayimbialik	ARTS486
mayimbialik	ARTS512
annecurry	ARTS486
josephbrennan	ARTS516
josephbrennan	ARTS520
josephbrennan	ARTS486
josephbrennan	ARTS497
josephbrennan	ARTS493
josephbrennan	ARTS512
josephbrennan	ARTS518
josephbrennan	ARTS514
josephbrennan	ARTS485
josephbrennan	ARTS561
thompeters	ARTS516
thompeters	ARTS486
thompeters	ARTS491
thompeters	ARTS512
thompeters	ARTS518
thompeters	ARTS514
thompeters	ARTS400
thompeters	ARTS583
robertmitchum	ARTS520
robertmitchum	ARTS486
robertmitchum	ARTS518
robertmitchum	ARTS569
robertmitchum	ARTS587
michaelmcgarrity	ARTS516
michaelmcgarrity	ARTS520
michaelmcgarrity	ARTS486
michaelmcgarrity	ARTS512
michaelmcgarrity	ARTS547
michaelmcgarrity	ARTS514
michaelmcgarrity	ARTS400
henryluceiii	ARTS512
henryluceiii	ARTS518
henryluceiii	ARTS400
henryluceiii	ARTS587
genekelly	ARTS516
genekelly	ARTS486
genekelly	ARTS512
genekelly	ARTS518
genekelly	ARTS551
genekelly	ARTS514
genekelly	ARTS569
genekelly	ARTS400
leezagibbons	ARTS516
leezagibbons	ARTS520
leezagibbons	ARTS486
leezagibbons	ARTS512
leezagibbons	ARTS545
leezagibbons	ARTS518
leezagibbons	ARTS514
leezagibbons	ARTS400
leezagibbons	ARTS557
leezagibbons	ARTS565
jonathanfranzen	ARTS514
kathybates	ARTS516
kathybates	ARTS514
kathybates	ARTS400
barryzito	ARTS516
barryzito	ARTS520
barryzito	ARTS486
barryzito	ARTS512
barryzito	ARTS518
barryzito	ARTS514
barryzito	ARTS569
barryzito	ARTS400
bobnewhart	ARTS516
bobnewhart	ARTS465
bobnewhart	ARTS486
bobnewhart	ARTS512
bobnewhart	ARTS518
bobnewhart	ARTS514
bobnewhart	ARTS569
arnoldpalmer	ARTS486
jennifercrusie	ARTS520
brookadams	ARTS497
brookadams	ARTS401
brookadams	ARTS518
brookadams	ARTS555
brookadams	ARTS557
helenhunt	ARTS514
helenhunt	ARTS400
johnjakes	ARTS486
johnjakes	ARTS512
johnjakes	ARTS514
robertparker	ARTS516
robertparker	ARTS486
robertparker	ARTS493
robertparker	ARTS512
robertparker	ARTS555
robertparker	ARTS587
leechild	ARTS516
leechild	ARTS486
leechild	ARTS491
leechild	ARTS493
leechild	ARTS401
leechild	ARTS512
leechild	ARTS518
leechild	ARTS514
leechild	ARTS569
leechild	ARTS400
mirasorvino	ARTS516
mirasorvino	ARTS520
mirasorvino	ARTS486
mirasorvino	ARTS512
mirasorvino	ARTS545
mirasorvino	ARTS518
mirasorvino	ARTS551
mirasorvino	ARTS514
mirasorvino	ARTS400
mirasorvino	ARTS557
jacknicklaus	ARTS514
jacknicklaus	ARTS400
jacknicklaus	ARTS567
rsallyjesseraphael	ARTS400
deborahnorville	ARTS516
deborahnorville	ARTS493
deborahnorville	ARTS486
deborahnorville	ARTS512
deborahnorville	ARTS518
deborahnorville	ARTS514
deborahnorville	ARTS557
bobhope	ARTS486
bobhope	ARTS465
bobhope	ARTS518
bobhope	ARTS569
bobhope	ARTS557
r.l.stine	ARTS516
r.l.stine	ARTS520
r.l.stine	ARTS543
r.l.stine	ARTS512
r.l.stine	ARTS518
r.l.stine	ARTS400
billclinton	ARTS516
billclinton	ARTS486
billclinton	ARTS512
billclinton	ARTS518
billclinton	ARTS514
billclinton	ARTS555
billclinton	ARTS569
billclinton	ARTS484
billclinton	ARTS400
diannefeinstein	ARTS516
diannefeinstein	ARTS518
diannefeinstein	ARTS555
jamesleeburke	ARTS516
jamesleeburke	ARTS486
jamesleeburke	ARTS512
jamesleeburke	ARTS514
peteseeger	ARTS494
peteseeger	ARTS512
peteseeger	ARTS518
peteseeger	ARTS569
peteseeger	ARTS581
barbarataylorbradford	ARTS516
barbarataylorbradford	ARTS486
barbarataylorbradford	ARTS493
barbarataylorbradford	ARTS401
barbarataylorbradford	ARTS512
barbarataylorbradford	ARTS518
barbarataylorbradford	ARTS514
barbarataylorbradford	ARTS555
barbarataylorbradford	ARTS565
danielj.boorstein	ARTS516
danielj.boorstein	ARTS486
danielj.boorstein	ARTS494
danielj.boorstein	ARTS493
danielj.boorstein	ARTS512
danielj.boorstein	ARTS547
danielj.boorstein	ARTS518
danielj.boorstein	ARTS514
danielj.boorstein	ARTS555
danielj.boorstein	ARTS400
archermayor	ARTS516
archermayor	ARTS488
archermayor	ARTS494
archermayor	ARTS486
archermayor	ARTS512
archermayor	ARTS547
archermayor	ARTS518
archermayor	ARTS514
archermayor	ARTS569
archermayor	ARTS520
johnnycash	ARTS518
judithcrist	ARTS516
judithcrist	ARTS520
judithcrist	ARTS486
judithcrist	ARTS512
judithcrist	ARTS545
judithcrist	ARTS514
judithcrist	ARTS559
judithcrist	ARTS573
karlmalden	ARTS486
karlmalden	ARTS400
gloriasteinem	ARTS486
gloriasteinem	ARTS493
robincook	ARTS516
robincook	ARTS587
burgessmeredith	ARTS543
burgessmeredith	ARTS486
burgessmeredith	ARTS512
burgessmeredith	ARTS553
burgessmeredith	ARTS514
burgessmeredith	ARTS400
burgessmeredith	ARTS587
burgessmeredith	ARTS577
olegcassini	ARTS512
camillepaglia	ARTS516
camillepaglia	ARTS549
camillepaglia	ARTS514
camillepaglia	ARTS400
camillepaglia	ARTS581
shirleyjones	ARTS486
greggallman	ARTS516
greggallman	ARTS520
greggallman	ARTS486
greggallman	ARTS493
greggallman	ARTS465
greggallman	ARTS512
greggallman	ARTS518
greggallman	ARTS514
paulaprentiss	ARTS486
paulaprentiss	ARTS400
paulaprentiss	ARTS557
robertredford	ARTS516
robertredford	ARTS486
robertredford	ARTS512
robertredford	ARTS518
robertredford	ARTS514
robertredford	ARTS569
robertredford	ARTS400
robertredford	ARTS559
robertredford	ARTS573
paultaylor	ARTS516
paultaylor	ARTS486
paultaylor	ARTS493
paultaylor	ARTS401
paultaylor	ARTS512
paultaylor	ARTS518
paultaylor	ARTS514
paultaylor	ARTS569
paultaylor	ARTS400
johnmccain	ARTS514
charlaineharris	ARTS516
charlaineharris	ARTS493
charlaineharris	ARTS486
charlaineharris	ARTS512
charlaineharris	ARTS547
charlaineharris	ARTS518
charlaineharris	ARTS549
jimplamer	ARTS516
jimplamer	ARTS493
jimplamer	ARTS486
jimplamer	ARTS494
jimplamer	ARTS512
jimplamer	ARTS518
jimplamer	ARTS549
jimplamer	ARTS514
jimplamer	ARTS400
jimplamer	ARTS587
judyblume	ARTS516
judyblume	ARTS520
judyblume	ARTS486
judyblume	ARTS512
judyblume	ARTS547
judyblume	ARTS514
fnanettefabray	ARTS514
janepowell	ARTS493
janepowell	ARTS486
janepowell	ARTS512
janepowell	ARTS549
jbojackson	ARTS516
jbojackson	ARTS520
jbojackson	ARTS486
jbojackson	ARTS401
jbojackson	ARTS512
jbojackson	ARTS518
jbojackson	ARTS551
jbojackson	ARTS514
jbojackson	ARTS561
jbojackson	ARTS587
jbojackson	ARTS577
jbojackson	ARTS573
bryanadams	ARTS516
bryanadams	ARTS514
bryanadams	ARTS520
carlysimon	ARTS518
carlysimon	ARTS400
jaclynsmith	ARTS516
jaclynsmith	ARTS520
jaclynsmith	ARTS493
jaclynsmith	ARTS486
jaclynsmith	ARTS401
jaclynsmith	ARTS512
jaclynsmith	ARTS518
jaclynsmith	ARTS549
jaclynsmith	ARTS514
yogiberra	ARTS516
yogiberra	ARTS512
greglouganis	ARTS516
greglouganis	ARTS493
greglouganis	ARTS486
greglouganis	ARTS491
greglouganis	ARTS512
greglouganis	ARTS518
greglouganis	ARTS549
greglouganis	ARTS514
suegrafton	ARTS516
suegrafton	ARTS520
suegrafton	ARTS486
suegrafton	ARTS512
suegrafton	ARTS514
angelalansbury	ARTS516
angelalansbury	ARTS493
angelalansbury	ARTS486
angelalansbury	ARTS497
angelalansbury	ARTS401
angelalansbury	ARTS512
angelalansbury	ARTS545
angelalansbury	ARTS518
angelalansbury	ARTS514
dorisday	ARTS516
dorisday	ARTS486
dorisday	ARTS512
dorisday	ARTS547
dorisday	ARTS518
dorisday	ARTS514
dorisday	ARTS400
dorisday	ARTS569
arseniohall	ARTS516
arseniohall	ARTS520
arseniohall	ARTS512
arseniohall	ARTS518
arseniohall	ARTS559
arseniohall	ARTS587
arseniohall	ARTS573
evebither	ARTS516
evebither	ARTS514
evebither	ARTS520
janetreno	ARTS516
janetreno	ARTS514
barbaradelinsky	ARTS516
barbaradelinsky	ARTS486
barbaradelinsky	ARTS493
barbaradelinsky	ARTS512
barbaradelinsky	ARTS518
barbaradelinsky	ARTS514
barbaradelinsky	ARTS400
barbaradelinsky	ARTS559
barbaradelinsky	ARTS575
bobbarker	ARTS400
lawrenceblock	ARTS486
lawrenceblock	ARTS512
lawrenceblock	ARTS514
lawrenceblock	ARTS569
sarahmclachlan	ARTS543
sarahmclachlan	ARTS486
sarahmclachlan	ARTS512
sarahmclachlan	ARTS484
sarahmclachlan	ARTS557
lainiekazan	ARTS486
lainiekazan	ARTS494
lainiekazan	ARTS518
lainiekazan	ARTS565
lainiekazan	ARTS587
billyjoel	ARTS516
billyjoel	ARTS520
billyjoel	ARTS486
billyjoel	ARTS512
billyjoel	ARTS514
billyjoel	ARTS400
tonycurtis	ARTS518
olympiadukakis	ARTS400
billgates	ARTS486
andygarcia	ARTS492
andygarcia	ARTS516
andygarcia	ARTS518
andygarcia	ARTS559
janfox	ARTS516
janfox	ARTS493
janfox	ARTS486
janfox	ARTS491
janfox	ARTS401
janfox	ARTS512
janfox	ARTS518
janfox	ARTS549
janfox	ARTS514
haleyjoelosment	ARTS400
clivebarker	ARTS516
clivebarker	ARTS520
clivebarker	ARTS488
clivebarker	ARTS493
clivebarker	ARTS486
clivebarker	ARTS512
clivebarker	ARTS518
clivebarker	ARTS514
clivebarker	ARTS569
joanrivers	ARTS486
tipo'neill	ARTS516
tipo'neill	ARTS486
tipo'neill	ARTS493
tipo'neill	ARTS512
tipo'neill	ARTS518
tipo'neill	ARTS514
tipo'neill	ARTS587
chazzpalminteri	ARTS486
chazzpalminteri	ARTS514
chazzpalminteri	ARTS400
j.garynichols	ARTS486
j.garynichols	ARTS493
j.garynichols	ARTS400
barbaramandrell	ARTS486
barbaramandrell	ARTS512
barbaramandrell	ARTS514
fessparker	ARTS516
fessparker	ARTS486
fessparker	ARTS512
fessparker	ARTS518
fessparker	ARTS514
fessparker	ARTS569
fessparker	ARTS495
fessparker	ARTS400
lornemichaels	ARTS486
lornemichaels	ARTS520
lornemichaels	ARTS557
julieharris	ARTS516
julieharris	ARTS486
julieharris	ARTS401
julieharris	ARTS512
julieharris	ARTS545
julieharris	ARTS518
julieharris	ARTS514
julieharris	ARTS569
julieharris	ARTS557
julieharris	ARTS559
genarowlands	ARTS516
genarowlands	ARTS486
genarowlands	ARTS491
genarowlands	ARTS401
genarowlands	ARTS512
genarowlands	ARTS518
genarowlands	ARTS565
genarowlands	ARTS514
genarowlands	ARTS569
genarowlands	ARTS400
senatordickgephardt	ARTS516
senatordickgephardt	ARTS486
senatordickgephardt	ARTS493
senatordickgephardt	ARTS512
senatordickgephardt	ARTS518
senatordickgephardt	ARTS514
senatordickgephardt	ARTS400
senatordickgephardt	ARTS569
senatordickgephardt	ARTS561
charlesschulz	ARTS516
charlesschulz	ARTS486
charlesschulz	ARTS512
charlesschulz	ARTS514
charlesschulz	ARTS569
charlesschulz	ARTS484
carriefisher	ARTS516
carriefisher	ARTS486
carriefisher	ARTS549
carriefisher	ARTS565
carriefisher	ARTS587
johnnymathis	ARTS516
johnnymathis	ARTS520
johnnymathis	ARTS486
johnnymathis	ARTS491
johnnymathis	ARTS512
johnnymathis	ARTS518
johnnymathis	ARTS514
johnnymathis	ARTS557
johnnymathis	ARTS559
johnnymathis	ARTS565
johnnymathis	ARTS587
jamesstewart	ARTS516
jamesstewart	ARTS494
jamesstewart	ARTS486
jamesstewart	ARTS493
jamesstewart	ARTS512
jamesstewart	ARTS518
jamesstewart	ARTS549
jamesstewart	ARTS520
pamelajones	ARTS497
pamelajones	ARTS401
pamelajones	ARTS512
pamelajones	ARTS518
pamelajones	ARTS587
benstein	ARTS516
benstein	ARTS486
benstein	ARTS512
benstein	ARTS518
benstein	ARTS549
benstein	ARTS514
benstein	ARTS555
benstein	ARTS484
benstein	ARTS587
johnmckernan,jr.	ARTS516
johnmckernan,jr.	ARTS486
johnmckernan,jr.	ARTS493
johnmckernan,jr.	ARTS512
johnmckernan,jr.	ARTS518
johnmckernan,jr.	ARTS514
johnmckernan,jr.	ARTS555
johnmckernan,jr.	ARTS583
ermabombeck	ARTS516
ermabombeck	ARTS520
ermabombeck	ARTS486
ermabombeck	ARTS492
ermabombeck	ARTS401
ermabombeck	ARTS512
ermabombeck	ARTS518
ermabombeck	ARTS514
ermabombeck	ARTS587
charltonheston	ARTS516
charltonheston	ARTS486
charltonheston	ARTS494
charltonheston	ARTS512
charltonheston	ARTS518
charltonheston	ARTS514
charltonheston	ARTS557
charltonheston	ARTS587
charltonheston	ARTS581
gov.annw.richards	ARTS516
gov.annw.richards	ARTS401
gov.annw.richards	ARTS512
gov.annw.richards	ARTS518
gov.annw.richards	ARTS493
barrygoldwater	ARTS518
barrygoldwater	ARTS491
barrygoldwater	ARTS486
barrygoldwater	ARTS587
davebarry	ARTS486
davebarry	ARTS493
davebarry	ARTS518
davebarry	ARTS485
drichardm.daley	ARTS486
drichardm.daley	ARTS518
drichardm.daley	ARTS520
drichardm.daley	ARTS400
drichardm.daley	ARTS581
drichardm.daley	ARTS575
jacques-yvescousteau	ARTS516
jacques-yvescousteau	ARTS520
jacques-yvescousteau	ARTS512
jacques-yvescousteau	ARTS545
jacques-yvescousteau	ARTS518
jacques-yvescousteau	ARTS495
jacques-yvescousteau	ARTS400
carolchanning	ARTS516
carolchanning	ARTS520
carolchanning	ARTS486
carolchanning	ARTS401
carolchanning	ARTS512
carolchanning	ARTS514
carolchanning	ARTS555
carolchanning	ARTS587
carolchanning	ARTS577
blaurenbacall	ARTS516
blaurenbacall	ARTS486
blaurenbacall	ARTS512
blaurenbacall	ARTS514
blaurenbacall	ARTS400
michaelj.chitwood	ARTS486
michaelj.chitwood	ARTS491
michaelj.chitwood	ARTS494
michaelj.chitwood	ARTS512
michaelj.chitwood	ARTS547
michaelj.chitwood	ARTS518
vincentprice	ARTS516
vincentprice	ARTS520
vincentprice	ARTS486
vincentprice	ARTS492
vincentprice	ARTS512
vincentprice	ARTS545
vincentprice	ARTS518
vincentprice	ARTS514
vincentprice	ARTS400
vincentprice	ARTS557
vincentprice	ARTS559
angelicahuston	ARTS465
angelicahuston	ARTS512
angelicahuston	ARTS518
angelicahuston	ARTS514
angelicahuston	ARTS400
angelicahuston	ARTS557
redauerbach	ARTS516
redauerbach	ARTS486
redauerbach	ARTS491
redauerbach	ARTS493
redauerbach	ARTS512
redauerbach	ARTS545
redauerbach	ARTS518
redauerbach	ARTS514
redauerbach	ARTS400
redauerbach	ARTS577
ritamoreno	ARTS516
ritamoreno	ARTS520
ritamoreno	ARTS486
ritamoreno	ARTS491
ritamoreno	ARTS497
ritamoreno	ARTS401
ritamoreno	ARTS493
ritamoreno	ARTS512
ritamoreno	ARTS518
ritamoreno	ARTS514
terigarr	ARTS516
terigarr	ARTS486
terigarr	ARTS512
terigarr	ARTS514
kennethbranagh	ARTS516
kennethbranagh	ARTS486
kennethbranagh	ARTS401
kennethbranagh	ARTS493
kennethbranagh	ARTS512
kennethbranagh	ARTS547
kennethbranagh	ARTS518
kennethbranagh	ARTS514
kennethbranagh	ARTS569
jimmycarter	ARTS520
jimmycarter	ARTS514
jimmycarter	ARTS485
davidmichaelgreene	ARTS486
richarddysart	ARTS494
richarddysart	ARTS518
boomeresiason	ARTS486
boomeresiason	ARTS514
samdonaldson	ARTS516
samdonaldson	ARTS488
samdonaldson	ARTS493
samdonaldson	ARTS486
samdonaldson	ARTS512
samdonaldson	ARTS547
samdonaldson	ARTS518
samdonaldson	ARTS549
samdonaldson	ARTS514
cokieroberts	ARTS486
cokieroberts	ARTS512
mikeditka	ARTS516
mikeditka	ARTS512
mikeditka	ARTS518
mikeditka	ARTS514
mikeditka	ARTS400
mikeditka	ARTS581
mikeditka	ARTS543
lenahorne	ARTS516
lenahorne	ARTS520
lenahorne	ARTS486
lenahorne	ARTS491
lenahorne	ARTS512
lenahorne	ARTS545
lenahorne	ARTS518
lenahorne	ARTS514
vincentgardenia	ARTS516
vincentgardenia	ARTS520
vincentgardenia	ARTS486
vincentgardenia	ARTS512
vincentgardenia	ARTS514
vincentgardenia	ARTS569
themuppets	ARTS516
themuppets	ARTS520
themuppets	ARTS486
themuppets	ARTS514
themuppets	ARTS400
geraldorivera	ARTS514
geraldorivera	ARTS400
davidgeffen	ARTS516
davidgeffen	ARTS520
davidgeffen	ARTS493
davidgeffen	ARTS486
davidgeffen	ARTS512
davidgeffen	ARTS518
davidgeffen	ARTS514
davidgeffen	ARTS569
davidgeffen	ARTS559
davidgeffen	ARTS587
reneauberjonois	ARTS516
reneauberjonois	ARTS520
reneauberjonois	ARTS486
reneauberjonois	ARTS492
reneauberjonois	ARTS512
reneauberjonois	ARTS518
reneauberjonois	ARTS514
reneauberjonois	ARTS400
jeanauel	ARTS516
jeanauel	ARTS486
jeanauel	ARTS512
jeanauel	ARTS514
jeanauel	ARTS555
jeanauel	ARTS587
michellephillips	ARTS516
michellephillips	ARTS493
michellephillips	ARTS486
michellephillips	ARTS512
michellephillips	ARTS547
michellephillips	ARTS518
michellephillips	ARTS549
michellephillips	ARTS514
michellephillips	ARTS555
michellephillips	ARTS495
annielennox	ARTS516
annielennox	ARTS486
annielennox	ARTS512
annielennox	ARTS547
annielennox	ARTS514
annielennox	ARTS400
debbieallen	ARTS486
lynnjohnston	ARTS514
timconway	ARTS516
timconway	ARTS486
timconway	ARTS512
timconway	ARTS545
timconway	ARTS518
timconway	ARTS514
timconway	ARTS400
timconway	ARTS557
timconway	ARTS583
buzzaldrin	ARTS516
buzzaldrin	ARTS486
buzzaldrin	ARTS494
buzzaldrin	ARTS512
buzzaldrin	ARTS518
buzzaldrin	ARTS514
buzzaldrin	ARTS569
buzzaldrin	ARTS484
buzzaldrin	ARTS557
bonnieblair	ARTS516
bonnieblair	ARTS486
bonnieblair	ARTS512
bonnieblair	ARTS514
bonnieblair	ARTS569
bonnieblair	ARTS559
haroldprince	ARTS516
haroldprince	ARTS518
haroldprince	ARTS520
haroldprince	ARTS495
haroldprince	ARTS575
tonyblair	ARTS491
tonyblair	ARTS401
tonyblair	ARTS497
tonyblair	ARTS518
harveygolub	ARTS516
harveygolub	ARTS486
harveygolub	ARTS512
harveygolub	ARTS518
harveygolub	ARTS514
harveygolub	ARTS555
harveygolub	ARTS587
harveygolub	ARTS577
harveygolub	ARTS581
harveygolub	ARTS583
jodipicoult	ARTS516
jodipicoult	ARTS486
jodipicoult	ARTS491
jodipicoult	ARTS493
jodipicoult	ARTS512
jodipicoult	ARTS514
jodipicoult	ARTS569
dahrjamail	ARTS516
dahrjamail	ARTS494
dahrjamail	ARTS486
dahrjamail	ARTS518
dahrjamail	ARTS514
humecronyn	ARTS516
humecronyn	ARTS520
humecronyn	ARTS486
humecronyn	ARTS512
humecronyn	ARTS518
humecronyn	ARTS514
humecronyn	ARTS400
humecronyn	ARTS561
humecronyn	ARTS575
sadathompson	ARTS516
sadathompson	ARTS520
sadathompson	ARTS486
sadathompson	ARTS493
sadathompson	ARTS512
sadathompson	ARTS547
sadathompson	ARTS518
sadathompson	ARTS514
sadathompson	ARTS555
sadathompson	ARTS569
richarddreyfuss	ARTS486
richarddreyfuss	ARTS400
colinl.powell	ARTS516
colinl.powell	ARTS486
colinl.powell	ARTS493
colinl.powell	ARTS512
colinl.powell	ARTS547
colinl.powell	ARTS587
darylhannah	ARTS486
darylhannah	ARTS549
algore	ARTS516
algore	ARTS486
algore	ARTS493
algore	ARTS512
algore	ARTS545
algore	ARTS518
algore	ARTS549
algore	ARTS514
algore	ARTS557
donmclean	ARTS516
donmclean	ARTS512
donmclean	ARTS518
donmclean	ARTS400
donmclean	ARTS557
donmclean	ARTS559
donmclean	ARTS583
alanbates	ARTS516
alanbates	ARTS520
alanbates	ARTS486
alanbates	ARTS493
alanbates	ARTS512
alanbates	ARTS547
alanbates	ARTS518
alanbates	ARTS514
alanbates	ARTS555
alanbates	ARTS569
wolfgangpuck	ARTS516
wolfgangpuck	ARTS493
wolfgangpuck	ARTS486
wolfgangpuck	ARTS512
wolfgangpuck	ARTS518
wolfgangpuck	ARTS549
wolfgangpuck	ARTS514
wolfgangpuck	ARTS587
sandrabrown	ARTS516
sandrabrown	ARTS486
sandrabrown	ARTS512
sandrabrown	ARTS514
robertcrais	ARTS520
robertcrais	ARTS547
robertcrais	ARTS549
robertcrais	ARTS553
brettbutler	ARTS520
brettbutler	ARTS514
brettbutler	ARTS400
malcolmforbes	ARTS493
malcolmforbes	ARTS486
malcolmforbes	ARTS512
malcolmforbes	ARTS518
malcolmforbes	ARTS549
malcolmforbes	ARTS514
malcolmforbes	ARTS587
dianesawyer	ARTS512
barbarabelgeddes	ARTS400
christiehefner	ARTS516
christiehefner	ARTS486
christiehefner	ARTS401
christiehefner	ARTS512
christiehefner	ARTS518
christiehefner	ARTS514
christiehefner	ARTS555
christiehefner	ARTS400
christiehefner	ARTS577
jamestierney	ARTS516
jamestierney	ARTS520
jamestierney	ARTS486
jamestierney	ARTS401
jamestierney	ARTS512
jamestierney	ARTS545
jamestierney	ARTS518
jamestierney	ARTS514
jamestierney	ARTS400
beverlygarland	ARTS516
beverlygarland	ARTS486
beverlygarland	ARTS493
beverlygarland	ARTS512
beverlygarland	ARTS545
beverlygarland	ARTS547
beverlygarland	ARTS514
beverlygarland	ARTS484
beverlygarland	ARTS587
edwardkoch	ARTS516
edwardkoch	ARTS486
edwardkoch	ARTS401
edwardkoch	ARTS493
edwardkoch	ARTS497
edwardkoch	ARTS494
edwardkoch	ARTS512
edwardkoch	ARTS518
edwardkoch	ARTS514
edwardkoch	ARTS400
estellegetty	ARTS486
estellegetty	ARTS492
estellegetty	ARTS518
estellegetty	ARTS555
howardcosell	ARTS516
howardcosell	ARTS486
howardcosell	ARTS512
howardcosell	ARTS518
howardcosell	ARTS514
howardcosell	ARTS567
nickbantock	ARTS516
nickbantock	ARTS486
nickbantock	ARTS465
nickbantock	ARTS512
nickbantock	ARTS518
nickbantock	ARTS514
nickbantock	ARTS575
cdyancannon	ARTS516
cdyancannon	ARTS514
juliechristie1999	ARTS465
butrosbutros-ghali	ARTS486
butrosbutros-ghali	ARTS493
butrosbutros-ghali	ARTS518
butrosbutros-ghali	ARTS553
butrosbutros-ghali	ARTS587
jacksongillman	ARTS518
rodpaige	ARTS486
rodpaige	ARTS493
rodpaige	ARTS512
rodpaige	ARTS518
rodpaige	ARTS569
rodpaige	ARTS561
kenfollett2001	ARTS516
kenfollett2001	ARTS486
kenfollett2001	ARTS493
kenfollett2001	ARTS512
kenfollett2001	ARTS514
jayambrose	ARTS516
jayambrose	ARTS493
jayambrose	ARTS486
jayambrose	ARTS494
jayambrose	ARTS401
jayambrose	ARTS497
jayambrose	ARTS512
jayambrose	ARTS518
jayambrose	ARTS549
jayambrose	ARTS514
smorleysafer	ARTS486
marshamason	ARTS516
marshamason	ARTS520
marshamason	ARTS486
anthonyquinn	ARTS516
anthonyquinn	ARTS520
anthonyquinn	ARTS486
anthonyquinn	ARTS514
anthonyquinn	ARTS400
jefffoxworthy	ARTS493
jefffoxworthy	ARTS486
jefffoxworthy	ARTS512
jefffoxworthy	ARTS549
jefffoxworthy	ARTS514
jefffoxworthy	ARTS569
jefffoxworthy	ARTS400
winonaryder	ARTS486
winonaryder	ARTS401
winonaryder	ARTS569
winonaryder	ARTS400
morganfreeman	ARTS516
morganfreeman	ARTS520
morganfreeman	ARTS486
morganfreeman	ARTS512
morganfreeman	ARTS547
morganfreeman	ARTS518
morganfreeman	ARTS514
morganfreeman	ARTS555
morganfreeman	ARTS400
morganfreeman	ARTS587
leeremick	ARTS516
leeremick	ARTS486
leeremick	ARTS512
leeremick	ARTS518
leeremick	ARTS514
leeremick	ARTS555
leeremick	ARTS565
bonniebedelia	ARTS516
bonniebedelia	ARTS486
bonniebedelia	ARTS494
bonniebedelia	ARTS512
bonniebedelia	ARTS518
bonniebedelia	ARTS514
bonniebedelia	ARTS520
bonniebedelia	ARTS493
michaellevine	ARTS516
michaellevine	ARTS465
michaellevine	ARTS514
patricianeal	ARTS514
patricianeal	ARTS400
mikestewart	ARTS486
mikestewart	ARTS518
mikestewart	ARTS400
mikestewart	ARTS567
douglasfairbanks,jr.	ARTS516
douglasfairbanks,jr.	ARTS520
douglasfairbanks,jr.	ARTS486
douglasfairbanks,jr.	ARTS491
douglasfairbanks,jr.	ARTS401
douglasfairbanks,jr.	ARTS512
douglasfairbanks,jr.	ARTS518
douglasfairbanks,jr.	ARTS549
douglasfairbanks,jr.	ARTS514
douglasfairbanks,jr.	ARTS569
douglasfairbanks,jr.	ARTS587
olympiasnowe,	ARTS516
olympiasnowe,	ARTS486
olympiasnowe,	ARTS494
olympiasnowe,	ARTS512
olympiasnowe,	ARTS518
olympiasnowe,	ARTS514
olympiasnowe,	ARTS555
olympiasnowe,	ARTS400
olympiasnowe,	ARTS569
patschroeder	ARTS547
erinhart	ARTS516
erinhart	ARTS486
erinhart	ARTS512
erinhart	ARTS518
erinhart	ARTS514
erinhart	ARTS581
erinhart	ARTS575
danadelany	ARTS486
bettyhutton	ARTS400
bettyhutton	ARTS575
jeffreyarcher	ARTS493
jeffreyarcher	ARTS543
jeffreyarcher	ARTS512
jeffreyarcher	ARTS547
jeffreyarcher	ARTS518
jeffreyarcher	ARTS400
jeffreyarcher	ARTS557
jeffreyarcher	ARTS559
alroker	ARTS516
alroker	ARTS520
alroker	ARTS486
alroker	ARTS493
alroker	ARTS512
alroker	ARTS514
alroker	ARTS400
dr.joycebrothers	ARTS486
dr.joycebrothers	ARTS514
dr.joycebrothers	ARTS400
juddhirsch	ARTS486
juddhirsch	ARTS514
juddhirsch	ARTS400
ruemcclanahan	ARTS486
ruemcclanahan	ARTS400
gjohnkennethgalbraith	ARTS516
gjohnkennethgalbraith	ARTS486
gjohnkennethgalbraith	ARTS493
gjohnkennethgalbraith	ARTS401
gjohnkennethgalbraith	ARTS497
gjohnkennethgalbraith	ARTS512
gjohnkennethgalbraith	ARTS518
gjohnkennethgalbraith	ARTS514
gjohnkennethgalbraith	ARTS400
gjohnkennethgalbraith	ARTS569
gjohnkennethgalbraith	ARTS587
tombrokaw	ARTS516
tombrokaw	ARTS520
tombrokaw	ARTS486
tombrokaw	ARTS512
tombrokaw	ARTS545
tombrokaw	ARTS518
tombrokaw	ARTS400
tombrokaw	ARTS557
tombrokaw	ARTS559
tombrokaw	ARTS577
williamkristol	ARTS491
billiejeanking	ARTS516
billiejeanking	ARTS486
billiejeanking	ARTS465
billiejeanking	ARTS512
billiejeanking	ARTS518
billiejeanking	ARTS514
billiejeanking	ARTS569
billiejeanking	ARTS555
billiejeanking	ARTS400
helenthomas	ARTS516
helenthomas	ARTS520
helenthomas	ARTS486
helenthomas	ARTS491
helenthomas	ARTS512
helenthomas	ARTS545
helenthomas	ARTS518
helenthomas	ARTS549
helenthomas	ARTS514
helenthomas	ARTS557
helenthomas	ARTS577
helenthomas	ARTS581
armoryhoughton,jr	ARTS516
armoryhoughton,jr	ARTS520
armoryhoughton,jr	ARTS486
armoryhoughton,jr	ARTS492
armoryhoughton,jr	ARTS514
armoryhoughton,jr	ARTS569
armoryhoughton,jr	ARTS565
armoryhoughton,jr	ARTS577
alhirt	ARTS516
alhirt	ARTS465
alhirt	ARTS486
alhirt	ARTS512
alhirt	ARTS518
alhirt	ARTS514
alhirt	ARTS520
alhirt	ARTS569
thomash.andrews	ARTS400
myo-yoma	ARTS516
myo-yoma	ARTS493
myo-yoma	ARTS486
myo-yoma	ARTS512
myo-yoma	ARTS518
myo-yoma	ARTS553
myo-yoma	ARTS514
myo-yoma	ARTS557
myo-yoma	ARTS587
jimmybuffett	ARTS516
jimmybuffett	ARTS486
jimmybuffett	ARTS493
jimmybuffett	ARTS401
jimmybuffett	ARTS512
jimmybuffett	ARTS547
jimmybuffett	ARTS518
jimmybuffett	ARTS514
jimmybuffett	ARTS400
jimmybuffett	ARTS484
barbarabush	ARTS516
barbarabush	ARTS520
barbarabush	ARTS486
barbarabush	ARTS493
barbarabush	ARTS494
barbarabush	ARTS401
barbarabush	ARTS497
barbarabush	ARTS512
barbarabush	ARTS547
barbarabush	ARTS518
barbarabush	ARTS514
barbarabush	ARTS587
tomsmothers	ARTS516
tomsmothers	ARTS486
tomsmothers	ARTS512
tomsmothers	ARTS514
tomsmothers	ARTS557
tomsmothers	ARTS559
artejohnson	ARTS516
artejohnson	ARTS520
artejohnson	ARTS486
artejohnson	ARTS493
artejohnson	ARTS547
artejohnson	ARTS514
ebarbaraeden	ARTS486
ebarbaraeden	ARTS400
charlesschwab	ARTS486
carolburnett	ARTS514
willisjohnson	ARTS516
willisjohnson	ARTS520
willisjohnson	ARTS486
willisjohnson	ARTS512
willisjohnson	ARTS545
willisjohnson	ARTS518
willisjohnson	ARTS553
willisjohnson	ARTS514
willisjohnson	ARTS400
willisjohnson	ARTS557
willisjohnson	ARTS559
patrickcolwell	ARTS516
patrickcolwell	ARTS493
patrickcolwell	ARTS512
patrickcolwell	ARTS514
davidflanagan	ARTS516
davidflanagan	ARTS486
davidflanagan	ARTS492
davidflanagan	ARTS512
davidflanagan	ARTS518
davidflanagan	ARTS514
davidflanagan	ARTS485
davidflanagan	ARTS569
melgibson	ARTS518
melgibson	ARTS520
melgibson	ARTS485
michaeleisner	ARTS516
michaeleisner	ARTS520
michaeleisner	ARTS493
michaeleisner	ARTS486
michaeleisner	ARTS512
michaeleisner	ARTS547
michaeleisner	ARTS518
michaeleisner	ARTS514
ruthbuzzi	ARTS486
ruthbuzzi	ARTS494
ruthbuzzi	ARTS518
ruthbuzzi	ARTS520
ruthbuzzi	ARTS555
ruthbuzzi	ARTS569
mandypatinkin	ARTS516
mandypatinkin	ARTS520
mandypatinkin	ARTS486
mandypatinkin	ARTS492
mandypatinkin	ARTS512
mandypatinkin	ARTS545
mandypatinkin	ARTS518
mandypatinkin	ARTS514
angusking	ARTS486
chevychase	ARTS518
chevychase	ARTS569
chevychase	ARTS557
faithhill	ARTS516
faithhill	ARTS486
faithhill	ARTS512
faithhill	ARTS545
faithhill	ARTS518
faithhill	ARTS549
faithhill	ARTS551
faithhill	ARTS514
faithhill	ARTS400
larryking	ARTS516
larryking	ARTS520
larryking	ARTS488
larryking	ARTS486
larryking	ARTS493
larryking	ARTS512
larryking	ARTS547
larryking	ARTS518
larryking	ARTS514
larryking	ARTS400
larryking	ARTS587
larryking	ARTS583
isaacasimov	ARTS516
isaacasimov	ARTS486
isaacasimov	ARTS512
isaacasimov	ARTS514
isaacasimov	ARTS400
tippihedren	ARTS488
tippihedren	ARTS545
tippihedren	ARTS400
carolinekennedy	ARTS516
carolinekennedy	ARTS520
carolinekennedy	ARTS486
carolinekennedy	ARTS491
carolinekennedy	ARTS497
carolinekennedy	ARTS512
carolinekennedy	ARTS518
carolinekennedy	ARTS514
carolinekennedy	ARTS495
carolinekennedy	ARTS569
georgegallup,jr.	ARTS486
georgegallup,jr.	ARTS491
georgegallup,jr.	ARTS492
georgegallup,jr.	ARTS512
georgegallup,jr.	ARTS518
georgegallup,jr.	ARTS520
georgegallup,jr.	ARTS587
jonimitchell	ARTS516
jonimitchell	ARTS486
jonimitchell	ARTS493
jonimitchell	ARTS512
jonimitchell	ARTS518
jonimitchell	ARTS514
jonimitchell	ARTS400
jonimitchell	ARTS569
jonimitchell	ARTS577
lindaronstadt	ARTS516
lindaronstadt	ARTS486
lindaronstadt	ARTS512
lindaronstadt	ARTS547
lindaronstadt	ARTS514
lindaronstadt	ARTS555
lindaronstadt	ARTS400
lindaronstadt	ARTS577
bobburnquist	ARTS486
bobburnquist	ARTS512
bobburnquist	ARTS518
bobburnquist	ARTS520
bobburnquist	ARTS555
bobburnquist	ARTS587
shimonperes	ARTS516
shimonperes	ARTS486
shimonperes	ARTS493
levarburton	ARTS516
levarburton	ARTS520
levarburton	ARTS543
levarburton	ARTS486
levarburton	ARTS512
levarburton	ARTS514
levarburton	ARTS555
tomallen	ARTS486
teddanson	ARTS516
teddanson	ARTS486
teddanson	ARTS493
teddanson	ARTS512
qmarilynquayle	ARTS516
qmarilynquayle	ARTS401
qmarilynquayle	ARTS486
qmarilynquayle	ARTS493
qmarilynquayle	ARTS512
qmarilynquayle	ARTS518
qmarilynquayle	ARTS549
brookeshields	ARTS512
brookeshields	ARTS518
brookeshields	ARTS569
brookeshields	ARTS575
linuspauling	ARTS516
linuspauling	ARTS512
linuspauling	ARTS514
linuspauling	ARTS400
linuspauling	ARTS569
linuspauling	ARTS577
cybillshepherd	ARTS486
cybillshepherd	ARTS518
cybillshepherd	ARTS569
cybillshepherd	ARTS400
alecbaldwin	ARTS493
alecbaldwin	ARTS491
alecbaldwin	ARTS401
alecbaldwin	ARTS486
alecbaldwin	ARTS512
alecbaldwin	ARTS514
tomseaver	ARTS516
tomseaver	ARTS486
tomseaver	ARTS401
tomseaver	ARTS512
tomseaver	ARTS569
hughhefner	ARTS516
hughhefner	ARTS486
hughhefner	ARTS492
hughhefner	ARTS512
hughhefner	ARTS545
hughhefner	ARTS547
hughhefner	ARTS518
hughhefner	ARTS514
hughhefner	ARTS569
dorothylamour	ARTS400
dorothylamour	ARTS581
anthonyhopkins	ARTS516
anthonyhopkins	ARTS520
anthonyhopkins	ARTS488
anthonyhopkins	ARTS486
anthonyhopkins	ARTS493
anthonyhopkins	ARTS512
anthonyhopkins	ARTS518
anthonyhopkins	ARTS514
anthonyhopkins	ARTS400
anthonyhopkins	ARTS559
billcohen	ARTS491
billcohen	ARTS465
billcohen	ARTS486
billcohen	ARTS512
billcohen	ARTS518
billcohen	ARTS495
yokoono	ARTS516
yokoono	ARTS486
yokoono	ARTS512
yokoono	ARTS514
abellaabzug	ARTS516
abellaabzug	ARTS520
abellaabzug	ARTS486
abellaabzug	ARTS401
abellaabzug	ARTS512
abellaabzug	ARTS545
abellaabzug	ARTS518
abellaabzug	ARTS514
abellaabzug	ARTS400
abellaabzug	ARTS581
marilynvossavant	ARTS516
marilynvossavant	ARTS520
marilynvossavant	ARTS514
marilynvossavant	ARTS400
scotthamilton	ARTS516
scotthamilton	ARTS486
scotthamilton	ARTS491
scotthamilton	ARTS401
scotthamilton	ARTS512
scotthamilton	ARTS547
scotthamilton	ARTS514
janisian	ARTS516
janisian	ARTS486
janisian	ARTS514
bobkeeshan	ARTS516
bobkeeshan	ARTS486
bobkeeshan	ARTS465
bobkeeshan	ARTS512
bobkeeshan	ARTS518
bobkeeshan	ARTS514
bobkeeshan	ARTS569
bobkeeshan	ARTS400
bobkeeshan	ARTS581
martinmull	ARTS516
martinmull	ARTS494
martinmull	ARTS401
martinmull	ARTS497
martinmull	ARTS518
gerryboyle	ARTS516
gerryboyle	ARTS486
gerryboyle	ARTS512
suttonfoster	ARTS516
suttonfoster	ARTS486
suttonfoster	ARTS512
suttonfoster	ARTS518
suttonfoster	ARTS569
suttonfoster	ARTS400
billygraham	ARTS516
billygraham	ARTS493
billygraham	ARTS486
billygraham	ARTS491
billygraham	ARTS512
billygraham	ARTS547
billygraham	ARTS518
billygraham	ARTS549
billygraham	ARTS514
piersanthony	ARTS512
piersanthony	ARTS518
piersanthony	ARTS569
clevelandamory	ARTS516
clevelandamory	ARTS486
clevelandamory	ARTS512
clevelandamory	ARTS518
clevelandamory	ARTS514
clevelandamory	ARTS555
clevelandamory	ARTS400
clevelandamory	ARTS569
clevelandamory	ARTS581
eileenbrennan	ARTS486
johnm.shalikashvili	ARTS520
johnm.shalikashvili	ARTS486
johnm.shalikashvili	ARTS514
bettybuckley	ARTS516
bettybuckley	ARTS520
bettybuckley	ARTS543
bettybuckley	ARTS486
bettybuckley	ARTS512
bettybuckley	ARTS547
bettybuckley	ARTS518
bettybuckley	ARTS514
bettybuckley	ARTS400
bettybuckley	ARTS569
bettybuckley	ARTS587
bettybuckley	ARTS581
olympiasnow,senator	ARTS516
olympiasnow,senator	ARTS486
olympiasnow,senator	ARTS512
olympiasnow,senator	ARTS547
olympiasnow,senator	ARTS518
olympiasnow,senator	ARTS549
olympiasnow,senator	ARTS514
olympiasnow,senator	ARTS555
olympiasnow,senator	ARTS587
joeybishop	ARTS516
joeybishop	ARTS486
joeybishop	ARTS493
joeybishop	ARTS512
joeybishop	ARTS518
joeybishop	ARTS514
joeybishop	ARTS400
joeybishop	ARTS485
jerrygreenfield	ARTS486
garrisonkeillor	ARTS516
garrisonkeillor	ARTS512
maureenstapleton	ARTS512
maureenstapleton	ARTS547
maureenstapleton	ARTS518
maureenstapleton	ARTS587
maureenstapleton	ARTS583
maureenstapleton	ARTS543
lcherylladd	ARTS516
lcherylladd	ARTS520
lcherylladd	ARTS486
lcherylladd	ARTS494
lcherylladd	ARTS493
lcherylladd	ARTS497
lcherylladd	ARTS512
lcherylladd	ARTS518
lcherylladd	ARTS549
lcherylladd	ARTS514
lcherylladd	ARTS400
lcherylladd	ARTS569
williamfriedkin	ARTS488
williamfriedkin	ARTS486
williamfriedkin	ARTS512
williamfriedkin	ARTS569
williamfriedkin	ARTS485
williamfriedkin	ARTS400
williamfriedkin	ARTS557
williamfriedkin	ARTS559
anneperry	ARTS516
anneperry	ARTS486
anneperry	ARTS465
anneperry	ARTS512
anneperry	ARTS518
anneperry	ARTS514
anneperry	ARTS400
anneperry	ARTS575
susanelizabethphillips	ARTS516
susanelizabethphillips	ARTS486
susanelizabethphillips	ARTS512
susanelizabethphillips	ARTS518
susanelizabethphillips	ARTS514
susanelizabethphillips	ARTS400
susanelizabethphillips	ARTS565
celesteholm	ARTS488
celesteholm	ARTS493
celesteholm	ARTS401
celesteholm	ARTS518
celesteholm	ARTS485
eddiecheever,jr.	ARTS520
eddiecheever,jr.	ARTS491
eddiecheever,jr.	ARTS493
eddiecheever,jr.	ARTS494
eddiecheever,jr.	ARTS518
halexanderhaig,jr.	ARTS516
halexanderhaig,jr.	ARTS491
halexanderhaig,jr.	ARTS514
lisaloeb	ARTS516
lisaloeb	ARTS486
lisaloeb	ARTS512
lisaloeb	ARTS545
lisaloeb	ARTS518
lisaloeb	ARTS514
lisaloeb	ARTS573
reedarvin	ARTS516
reedarvin	ARTS520
reedarvin	ARTS543
reedarvin	ARTS486
reedarvin	ARTS512
reedarvin	ARTS518
reedarvin	ARTS551
reedarvin	ARTS514
reedarvin	ARTS569
reedarvin	ARTS587
vanessaredgrave	ARTS516
vanessaredgrave	ARTS486
vanessaredgrave	ARTS491
vanessaredgrave	ARTS493
vanessaredgrave	ARTS512
vanessaredgrave	ARTS518
vanessaredgrave	ARTS549
vanessaredgrave	ARTS514
vanessaredgrave	ARTS569
vanessaredgrave	ARTS565
j.a.jance	ARTS549
dirkbenedict	ARTS516
dirkbenedict	ARTS486
dirkbenedict	ARTS400
elmoreleonard	ARTS516
elvira(cassandrapeterson)	ARTS486
elvira(cassandrapeterson)	ARTS512
elvira(cassandrapeterson)	ARTS547
elvira(cassandrapeterson)	ARTS518
elvira(cassandrapeterson)	ARTS551
elvira(cassandrapeterson)	ARTS514
tedkennedy	ARTS516
tedkennedy	ARTS486
tedkennedy	ARTS512
tedkennedy	ARTS518
tedkennedy	ARTS514
leegrant	ARTS486
leegrant	ARTS514
steveberry	ARTS516
steveberry	ARTS486
steveberry	ARTS512
steveberry	ARTS518
steveberry	ARTS551
steveberry	ARTS514
steveberry	ARTS400
steveberry	ARTS587
lynnredgrave	ARTS486
lynnredgrave	ARTS400
davidbowie	ARTS514
soupysales	ARTS516
soupysales	ARTS486
soupysales	ARTS465
soupysales	ARTS492
soupysales	ARTS512
soupysales	ARTS518
soupysales	ARTS587
soupysales	ARTS581
martinanavratilova	ARTS514
martinanavratilova	ARTS400
robertcormier	ARTS400
susancollins	ARTS516
susancollins	ARTS486
susancollins	ARTS493
susancollins	ARTS512
susancollins	ARTS518
susancollins	ARTS514
susancollins	ARTS400
michaeljecks	ARTS516
michaeljecks	ARTS486
michaeljecks	ARTS514
edmundmuskie	ARTS486
edmundmuskie	ARTS492
edmundmuskie	ARTS512
edmundmuskie	ARTS514
edmundmuskie	ARTS569
edmundmuskie	ARTS485
edmundg.brown	ARTS516
edmundg.brown	ARTS549
juliachild	ARTS516
juliachild	ARTS514
juliachild	ARTS400
conniechung	ARTS516
conniechung	ARTS512
conniechung	ARTS518
conniechung	ARTS557
conniechung	ARTS559
johnmajor	ARTS486
paulharvey	ARTS516
paulharvey	ARTS486
lindaellerbee	ARTS486
lindaellerbee	ARTS400
edasner	ARTS516
edasner	ARTS486
edasner	ARTS493
edasner	ARTS494
edasner	ARTS512
edasner	ARTS514
edasner	ARTS587
edasner	ARTS583
t.jeffersonparker	ARTS516
t.jeffersonparker	ARTS486
davidcopperfield	ARTS400
cher	ARTS516
cher	ARTS486
cher	ARTS512
cher	ARTS545
cher	ARTS514
cher	ARTS565
jeffgoldblum	ARTS516
jeffgoldblum	ARTS520
jeffgoldblum	ARTS512
jeffgoldblum	ARTS514
garycrocker	ARTS516
garycrocker	ARTS520
garycrocker	ARTS486
garycrocker	ARTS493
garycrocker	ARTS494
garycrocker	ARTS512
garycrocker	ARTS518
garycrocker	ARTS514
garycrocker	ARTS400
bobdole	ARTS516
bobdole	ARTS493
bobdole	ARTS512
bobdole	ARTS518
bobdole	ARTS514
bobdole	ARTS400
bobdole	ARTS557
stacykeach	ARTS516
stacykeach	ARTS486
stacykeach	ARTS491
stacykeach	ARTS493
stacykeach	ARTS512
stacykeach	ARTS547
stacykeach	ARTS518
stacykeach	ARTS569
annlanders	ARTS493
annlanders	ARTS512
tynedaly	ARTS486
tynedaly	ARTS400
